[
  {
    "a_name": "Baltimore, Maryland",
    "b_name": "Omaha, Nebraska"
  },
  {
    "a_name": "Boise, Idaho",
    "b_name": "Albuquerque, New Mexico"
  },
  {
    "a_name": "Boise, Idaho",
    "b_name": "Austin, Texas"
  },
  {
    "a_name": "Bismarck, North Dakota",
    "b_name": "Columbus, Ohio"
  },
  {
    "a_name": "Austin, Texas",
    "b_name": "Knoxville, Tennessee"
  },
  {
    "a_name": "Bismarck, North Dakota",
    "b_name": "Helena, Montana"
  },
  {
    "a_name": "Bangor, Maine",
    "b_name": "Salt Lake City, Utah"
  },
  {
    "a_name": "Baltimore, Maryland",
    "b_name": "Montgomery, Alabama"
  },
  {
    "a_name": "Boston, Massachusetts",
    "b_name": "Grand Junction, Colorado"
  },
  {
    "a_name": "Albuquerque, New Mexico",
    "b_name": "Las Vegas, Nevada"
  },
  {
    "a_name": "Boise, Idaho",
    "b_name": "San Antonio, Texas"
  },
  {
    "a_name": "Albany, New York",
    "b_name": "San Diego, California"
  },
  {
    "a_name": "Bangor, Maine",
    "b_name": "Syracuse, New York"
  },
  {
    "a_name": "Buffalo, New York",
    "b_name": "Montgomery, Alabama"
  },
  {
    "a_name": "Buffalo, New York",
    "b_name": "Denver, Colorado"
  },
  {
    "a_name": "Boston, Massachusetts",
    "b_name": "Roanoke, Virginia"
  },
  {
    "a_name": "Atlanta, Georgia",
    "b_name": "Baltimore, Maryland"
  },
  {
    "a_name": "Boston, Massachusetts",
    "b_name": "Nashville, Tennessee"
  },
  {
    "a_name": "Boise, Idaho",
    "b_name": "El Paso, Texas"
  },
  {
    "a_name": "Atlanta, Georgia",
    "b_name": "Knoxville, Tennessee"
  },
  {
    "a_name": "Baltimore, Maryland",
    "b_name": "Wichita, Kansas"
  },
  {
    "a_name": "Albuquerque, New Mexico",
    "b_name": "Shreveport, Louisiana"
  },
  {
    "a_name": "Austin, Texas",
    "b_name": "Atlanta, Georgia"
  },
  {
    "a_name": "Baltimore, Maryland",
    "b_name": "Raleigh, North Carolina"
  },
  {
    "a_name": "Amarillo, Texas",
    "b_name": "Eugene, Oregon"
  },
  {
    "a_name": "Amarillo, Texas",
    "b_name": "Milwaukee, Wisconsin"
  },
  {
    "a_name": "Albuquerque, New Mexico",
    "b_name": "Buffalo, New York"
  },
  {
    "a_name": "Buffalo, New York",
    "b_name": "Providence, Rhode Island"
  },
  {
    "a_name": "Boston, Massachusetts",
    "b_name": "Salt Lake City, Utah"
  },
  {
    "a_name": "Buffalo, New York",
    "b_name": "Fargo, North Dakota"
  },
  {
    "a_name": "Atlanta, Georgia",
    "b_name": "Richmond, Virginia"
  },
  {
    "a_name": "Albuquerque, New Mexico",
    "b_name": "Los Angeles, California"
  },
  {
    "a_name": "Bangor, Maine",
    "b_name": "Richfield, Utah"
  },
  {
    "a_name": "Baltimore, Maryland",
    "b_name": "Jacksonville, Florida"
  },
  {
    "a_name": "Austin, Texas",
    "b_name": "Amarillo, Texas"
  },
  {
    "a_name": "Amarillo, Texas",
    "b_name": "Cincinnati, Ohio"
  },
  {
    "a_name": "Bismarck, North Dakota",
    "b_name": "Knoxville, Tennessee"
  },
  {
    "a_name": "Bangor, Maine",
    "b_name": "Grand Rapids, Michigan"
  },
  {
    "a_name": "Boston, Massachusetts",
    "b_name": "St. Louis, Missouri"
  },
  {
    "a_name": "Albany, New York",
    "b_name": "Oakland, California"
  },
  {
    "a_name": "Atlanta, Georgia",
    "b_name": "Minneapolis, Minnesota"
  },
  {
    "a_name": "Albuquerque, New Mexico",
    "b_name": "Baltimore, Maryland"
  },
  {
    "a_name": "Atlanta, Georgia",
    "b_name": "Houston, Texas"
  },
  {
    "a_name": "Buffalo, New York",
    "b_name": "Montpelier, Virginia"
  },
  {
    "a_name": "Atlanta, Georgia",
    "b_name": "Eastport, Maine"
  },
  {
    "a_name": "Atlanta, Georgia",
    "b_name": "Albuquerque, New Mexico"
  },
  {
    "a_name": "Buffalo, New York",
    "b_name": "Austin, Texas"
  },
  {
    "a_name": "Bangor, Maine",
    "b_name": "Memphis, Tennessee"
  },
  {
    "a_name": "Austin, Texas",
    "b_name": "Roanoke, Virginia"
  },
  {
    "a_name": "Boston, Massachusetts",
    "b_name": "Buffalo, New York"
  },
  {
    "a_name": "Bangor, Maine",
    "b_name": "Denver, Colorado"
  },
  {
    "a_name": "Boston, Massachusetts",
    "b_name": "Milwaukee, Wisconsin"
  },
  {
    "a_name": "Amarillo, Texas",
    "b_name": "San Francisco, California"
  },
  {
    "a_name": "Bangor, Maine",
    "b_name": "Eugene, Oregon"
  },
  {
    "a_name": "Albany, New York",
    "b_name": "Eastport, Maine"
  },
  {
    "a_name": "Albany, New York",
    "b_name": "Fresno, California"
  },
  {
    "a_name": "Bangor, Maine",
    "b_name": "Pittsburgh, Pennsylvania"
  },
  {
    "a_name": "Albany, New York",
    "b_name": "Carlsbad, New Mexico"
  },
  {
    "a_name": "Amarillo, Texas",
    "b_name": "Idaho Falls, Idaho"
  },
  {
    "a_name": "Boise, Idaho",
    "b_name": "Syracuse, New York"
  },
  {
    "a_name": "Atlanta, Georgia",
    "b_name": "Detroit, Michigan"
  },
  {
    "a_name": "Albany, New York",
    "b_name": "Montpelier, Virginia"
  },
  {
    "a_name": "Baltimore, Maryland",
    "b_name": "Shreveport, Louisiana"
  },
  {
    "a_name": "Amarillo, Texas",
    "b_name": "El Paso, Texas"
  },
  {
    "a_name": "Bangor, Maine",
    "b_name": "Minneapolis, Minnesota"
  },
  {
    "a_name": "Bismarck, North Dakota",
    "b_name": "Louisville, Kentucky"
  },
  {
    "a_name": "Bismarck, North Dakota",
    "b_name": "Denver, Colorado"
  },
  {
    "a_name": "Boston, Massachusetts",
    "b_name": "Indianapolis, Indiana"
  },
  {
    "a_name": "Albany, New York",
    "b_name": "Richmond, Virginia"
  },
  {
    "a_name": "Baltimore, Maryland",
    "b_name": "Sioux Falls, South Dakota"
  },
  {
    "a_name": "Albuquerque, New Mexico",
    "b_name": "Cleveland, Ohio"
  },
  {
    "a_name": "Baltimore, Maryland",
    "b_name": "Havre, Montana"
  },
  {
    "a_name": "Bangor, Maine",
    "b_name": "Indianapolis, Indiana"
  },
  {
    "a_name": "Boise, Idaho",
    "b_name": "Baltimore, Maryland"
  },
  {
    "a_name": "Atlanta, Georgia",
    "b_name": "Columbus, Ohio"
  },
  {
    "a_name": "Atlanta, Georgia",
    "b_name": "Chicago, Illinois"
  },
  {
    "a_name": "Bismarck, North Dakota",
    "b_name": "Boston, Massachusetts"
  },
  {
    "a_name": "Albany, New York",
    "b_name": "Jacksonville, Florida"
  },
  {
    "a_name": "Bangor, Maine",
    "b_name": "Idaho Falls, Idaho"
  },
  {
    "a_name": "Atlanta, Georgia",
    "b_name": "Grand Junction, Colorado"
  },
  {
    "a_name": "Bismarck, North Dakota",
    "b_name": "Hot Springs, Arkansas"
  },
  {
    "a_name": "Albany, New York",
    "b_name": "Providence, Rhode Island"
  },
  {
    "a_name": "Amarillo, Texas",
    "b_name": "New York, New York"
  },
  {
    "a_name": "Albany, New York",
    "b_name": "Raleigh, North Carolina"
  },
  {
    "a_name": "Atlanta, Georgia",
    "b_name": "Klamath Falls, Oregon"
  },
  {
    "a_name": "Baltimore, Maryland",
    "b_name": "Virginia Beach, Virginia"
  },
  {
    "a_name": "Buffalo, New York",
    "b_name": "San Jose, California"
  },
  {
    "a_name": "Bismarck, North Dakota",
    "b_name": "Richmond, Virginia"
  },
  {
    "a_name": "Boise, Idaho",
    "b_name": "Dallas, Texas"
  },
  {
    "a_name": "Atlanta, Georgia",
    "b_name": "Milwaukee, Wisconsin"
  },
  {
    "a_name": "Austin, Texas",
    "b_name": "Cincinnati, Ohio"
  },
  {
    "a_name": "Austin, Texas",
    "b_name": "Sioux Falls, South Dakota"
  },
  {
    "a_name": "Baltimore, Maryland",
    "b_name": "Philadelphia, Pennsylvania"
  },
  {
    "a_name": "Amarillo, Texas",
    "b_name": "Helena, Montana"
  },
  {
    "a_name": "Boise, Idaho",
    "b_name": "Milwaukee, Wisconsin"
  },
  {
    "a_name": "Austin, Texas",
    "b_name": "Reno, Nevada"
  },
  {
    "a_name": "Boise, Idaho",
    "b_name": "Flagstaff, Arizona"
  },
  {
    "a_name": "Albany, New York",
    "b_name": "Virginia Beach, Virginia"
  },
  {
    "a_name": "Albany, New York",
    "b_name": "Phoenix, Arizona"
  },
  {
    "a_name": "Boise, Idaho",
    "b_name": "Wilmington, North Carolina"
  },
  {
    "a_name": "Bismarck, North Dakota",
    "b_name": "Sacramento, California"
  },
  {
    "a_name": "Atlanta, Georgia",
    "b_name": "San Antonio, Texas"
  },
  {
    "a_name": "Buffalo, New York",
    "b_name": "Columbus, Ohio"
  },
  {
    "a_name": "Amarillo, Texas",
    "b_name": "Sacramento, California"
  },
  {
    "a_name": "Bangor, Maine",
    "b_name": "Sioux Falls, South Dakota"
  },
  {
    "a_name": "Bismarck, North Dakota",
    "b_name": "Albany, New York"
  },
  {
    "a_name": "Bangor, Maine",
    "b_name": "Amarillo, Texas"
  },
  {
    "a_name": "Buffalo, New York",
    "b_name": "Jacksonville, Florida"
  },
  {
    "a_name": "Albuquerque, New Mexico",
    "b_name": "San Diego, California"
  },
  {
    "a_name": "Boston, Massachusetts",
    "b_name": "Wichita, Kansas"
  },
  {
    "a_name": "Baltimore, Maryland",
    "b_name": "Reno, Nevada"
  },
  {
    "a_name": "Boise, Idaho",
    "b_name": "Tulsa, Oklahoma"
  },
  {
    "a_name": "Buffalo, New York",
    "b_name": "Pittsburgh, Pennsylvania"
  },
  {
    "a_name": "Boise, Idaho",
    "b_name": "Savannah, Georgia"
  },
  {
    "a_name": "Albany, New York",
    "b_name": "Toledo, Ohio"
  },
  {
    "a_name": "Austin, Texas",
    "b_name": "Pierre, South Dakota"
  },
  {
    "a_name": "Amarillo, Texas",
    "b_name": "Albany, New York"
  },
  {
    "a_name": "Buffalo, New York",
    "b_name": "New Orleans, Louisiana"
  },
  {
    "a_name": "Baltimore, Maryland",
    "b_name": "Salt Lake City, Utah"
  },
  {
    "a_name": "Atlanta, Georgia",
    "b_name": "Denver, Colorado"
  },
  {
    "a_name": "Boston, Massachusetts",
    "b_name": "Pierre, South Dakota"
  },
  {
    "a_name": "Austin, Texas",
    "b_name": "New Haven, Connecticut"
  },
  {
    "a_name": "Bismarck, North Dakota",
    "b_name": "Richfield, Utah"
  },
  {
    "a_name": "Amarillo, Texas",
    "b_name": "San Diego, California"
  },
  {
    "a_name": "Amarillo, Texas",
    "b_name": "Montgomery, Alabama"
  },
  {
    "a_name": "Bangor, Maine",
    "b_name": "Boise, Idaho"
  },
  {
    "a_name": "Bangor, Maine",
    "b_name": "Grand Junction, Colorado"
  },
  {
    "a_name": "Austin, Texas",
    "b_name": "San Francisco, California"
  },
  {
    "a_name": "Boston, Massachusetts",
    "b_name": "Jacksonville, Florida"
  },
  {
    "a_name": "Boise, Idaho",
    "b_name": "Pierre, South Dakota"
  },
  {
    "a_name": "Bangor, Maine",
    "b_name": "Los Angeles, California"
  },
  {
    "a_name": "Boston, Massachusetts",
    "b_name": "Dubuque, Iowa"
  },
  {
    "a_name": "Amarillo, Texas",
    "b_name": "Seattle, Washington State"
  },
  {
    "a_name": "Buffalo, New York",
    "b_name": "San Antonio, Texas"
  },
  {
    "a_name": "Baltimore, Maryland",
    "b_name": "Richfield, Utah"
  },
  {
    "a_name": "Albany, New York",
    "b_name": "Nashville, Tennessee"
  },
  {
    "a_name": "Albuquerque, New Mexico",
    "b_name": "Flagstaff, Arizona"
  },
  {
    "a_name": "Amarillo, Texas",
    "b_name": "Grand Junction, Colorado"
  },
  {
    "a_name": "Albany, New York",
    "b_name": "El Paso, Texas"
  },
  {
    "a_name": "Albany, New York",
    "b_name": "Sacramento, California"
  },
  {
    "a_name": "Albany, New York",
    "b_name": "Las Vegas, Nevada"
  },
  {
    "a_name": "Amarillo, Texas",
    "b_name": "Phoenix, Arizona"
  },
  {
    "a_name": "Bismarck, North Dakota",
    "b_name": "San Francisco, California"
  },
  {
    "a_name": "Atlanta, Georgia",
    "b_name": "Bangor, Maine"
  },
  {
    "a_name": "Boston, Massachusetts",
    "b_name": "Pittsburgh, Pennsylvania"
  },
  {
    "a_name": "Boston, Massachusetts",
    "b_name": "Toledo, Ohio"
  },
  {
    "a_name": "Boise, Idaho",
    "b_name": "Salt Lake City, Utah"
  },
  {
    "a_name": "Amarillo, Texas",
    "b_name": "Oklahoma City, Oklahoma"
  },
  {
    "a_name": "Boise, Idaho",
    "b_name": "Toledo, Ohio"
  },
  {
    "a_name": "Atlanta, Georgia",
    "b_name": "Lewiston, Idaho"
  },
  {
    "a_name": "Bangor, Maine",
    "b_name": "New York, New York"
  },
  {
    "a_name": "Albuquerque, New Mexico",
    "b_name": "Providence, Rhode Island"
  },
  {
    "a_name": "Buffalo, New York",
    "b_name": "New Haven, Connecticut"
  },
  {
    "a_name": "Austin, Texas",
    "b_name": "Omaha, Nebraska"
  },
  {
    "a_name": "Buffalo, New York",
    "b_name": "Dubuque, Iowa"
  },
  {
    "a_name": "Baltimore, Maryland",
    "b_name": "Amarillo, Texas"
  },
  {
    "a_name": "Atlanta, Georgia",
    "b_name": "Havre, Montana"
  },
  {
    "a_name": "Bismarck, North Dakota",
    "b_name": "Montgomery, Alabama"
  },
  {
    "a_name": "Albany, New York",
    "b_name": "Oklahoma City, Oklahoma"
  },
  {
    "a_name": "Boston, Massachusetts",
    "b_name": "Newark, New Jersey"
  },
  {
    "a_name": "Bangor, Maine",
    "b_name": "Knoxville, Tennessee"
  },
  {
    "a_name": "Boise, Idaho",
    "b_name": "Grand Junction, Colorado"
  },
  {
    "a_name": "Bismarck, North Dakota",
    "b_name": "Baltimore, Maryland"
  },
  {
    "a_name": "Bismarck, North Dakota",
    "b_name": "Bangor, Maine"
  },
  {
    "a_name": "Boston, Massachusetts",
    "b_name": "Idaho Falls, Idaho"
  },
  {
    "a_name": "Bismarck, North Dakota",
    "b_name": "El Centro, California"
  },
  {
    "a_name": "Atlanta, Georgia",
    "b_name": "Duluth, Minnesota"
  },
  {
    "a_name": "Bismarck, North Dakota",
    "b_name": "Lewiston, Idaho"
  },
  {
    "a_name": "Atlanta, Georgia",
    "b_name": "Indianapolis, Indiana"
  },
  {
    "a_name": "Atlanta, Georgia",
    "b_name": "Helena, Montana"
  },
  {
    "a_name": "Atlanta, Georgia",
    "b_name": "Tampa, Florida"
  },
  {
    "a_name": "Baltimore, Maryland",
    "b_name": "Des Moines, Iowa"
  },
  {
    "a_name": "Albuquerque, New Mexico",
    "b_name": "Denver, Colorado"
  },
  {
    "a_name": "Buffalo, New York",
    "b_name": "Richfield, Utah"
  },
  {
    "a_name": "Baltimore, Maryland",
    "b_name": "Eugene, Oregon"
  },
  {
    "a_name": "Atlanta, Georgia",
    "b_name": "Tulsa, Oklahoma"
  },
  {
    "a_name": "Amarillo, Texas",
    "b_name": "Richmond, Virginia"
  },
  {
    "a_name": "Amarillo, Texas",
    "b_name": "San Antonio, Texas"
  },
  {
    "a_name": "Boise, Idaho",
    "b_name": "Providence, Rhode Island"
  },
  {
    "a_name": "Bismarck, North Dakota",
    "b_name": "Havre, Montana"
  },
  {
    "a_name": "Baltimore, Maryland",
    "b_name": "Helena, Montana"
  },
  {
    "a_name": "Bismarck, North Dakota",
    "b_name": "Eugene, Oregon"
  },
  {
    "a_name": "Austin, Texas",
    "b_name": "Buffalo, New York"
  },
  {
    "a_name": "Baltimore, Maryland",
    "b_name": "Providence, Rhode Island"
  },
  {
    "a_name": "Boston, Massachusetts",
    "b_name": "Dallas, Texas"
  },
  {
    "a_name": "Albuquerque, New Mexico",
    "b_name": "Lewiston, Idaho"
  },
  {
    "a_name": "Atlanta, Georgia",
    "b_name": "Santa Fe, New Mexico"
  },
  {
    "a_name": "Atlanta, Georgia",
    "b_name": "Wichita, Kansas"
  },
  {
    "a_name": "Buffalo, New York",
    "b_name": "Duluth, Minnesota"
  },
  {
    "a_name": "Boise, Idaho",
    "b_name": "Chicago, Illinois"
  },
  {
    "a_name": "Buffalo, New York",
    "b_name": "Flagstaff, Arizona"
  },
  {
    "a_name": "Boston, Massachusetts",
    "b_name": "Albuquerque, New Mexico"
  },
  {
    "a_name": "Bismarck, North Dakota",
    "b_name": "Cheyenne, Wyoming"
  },
  {
    "a_name": "Amarillo, Texas",
    "b_name": "Cleveland, Ohio"
  },
  {
    "a_name": "Amarillo, Texas",
    "b_name": "Fort Worth, Texas"
  },
  {
    "a_name": "Austin, Texas",
    "b_name": "Kansas City, Missouri"
  },
  {
    "a_name": "Atlanta, Georgia",
    "b_name": "Newark, New Jersey"
  },
  {
    "a_name": "Amarillo, Texas",
    "b_name": "El Centro, California"
  },
  {
    "a_name": "Bangor, Maine",
    "b_name": "Omaha, Nebraska"
  },
  {
    "a_name": "Albany, New York",
    "b_name": "San Jose, California"
  },
  {
    "a_name": "Albany, New York",
    "b_name": "Fort Worth, Texas"
  },
  {
    "a_name": "Baltimore, Maryland",
    "b_name": "San Antonio, Texas"
  },
  {
    "a_name": "Bismarck, North Dakota",
    "b_name": "Milwaukee, Wisconsin"
  },
  {
    "a_name": "Bangor, Maine",
    "b_name": "Baltimore, Maryland"
  },
  {
    "a_name": "Boston, Massachusetts",
    "b_name": "Boise, Idaho"
  },
  {
    "a_name": "Bangor, Maine",
    "b_name": "Las Vegas, Nevada"
  },
  {
    "a_name": "Albuquerque, New Mexico",
    "b_name": "St. Louis, Missouri"
  },
  {
    "a_name": "Boston, Massachusetts",
    "b_name": "Wilmington, North Carolina"
  },
  {
    "a_name": "Baltimore, Maryland",
    "b_name": "Hot Springs, Arkansas"
  },
  {
    "a_name": "Boise, Idaho",
    "b_name": "Virginia Beach, Virginia"
  },
  {
    "a_name": "Albany, New York",
    "b_name": "Pittsburgh, Pennsylvania"
  },
  {
    "a_name": "Albuquerque, New Mexico",
    "b_name": "Memphis, Tennessee"
  },
  {
    "a_name": "Buffalo, New York",
    "b_name": "Baltimore, Maryland"
  },
  {
    "a_name": "Boise, Idaho",
    "b_name": "New York, New York"
  },
  {
    "a_name": "Bismarck, North Dakota",
    "b_name": "Charlotte, North Carolina"
  },
  {
    "a_name": "Atlanta, Georgia",
    "b_name": "Nashville, Tennessee"
  },
  {
    "a_name": "Bismarck, North Dakota",
    "b_name": "Detroit, Michigan"
  },
  {
    "a_name": "Amarillo, Texas",
    "b_name": "Pittsburgh, Pennsylvania"
  },
  {
    "a_name": "Boston, Massachusetts",
    "b_name": "Santa Fe, New Mexico"
  },
  {
    "a_name": "Bismarck, North Dakota",
    "b_name": "Pierre, South Dakota"
  },
  {
    "a_name": "Atlanta, Georgia",
    "b_name": "Fort Worth, Texas"
  },
  {
    "a_name": "Bismarck, North Dakota",
    "b_name": "Wilmington, North Carolina"
  },
  {
    "a_name": "Buffalo, New York",
    "b_name": "Nashville, Tennessee"
  },
  {
    "a_name": "Albany, New York",
    "b_name": "Memphis, Tennessee"
  },
  {
    "a_name": "Boston, Massachusetts",
    "b_name": "Reno, Nevada"
  },
  {
    "a_name": "Albany, New York",
    "b_name": "Atlanta, Georgia"
  },
  {
    "a_name": "Baltimore, Maryland",
    "b_name": "Syracuse, New York"
  },
  {
    "a_name": "Atlanta, Georgia",
    "b_name": "Salt Lake City, Utah"
  },
  {
    "a_name": "Boston, Massachusetts",
    "b_name": "San Diego, California"
  },
  {
    "a_name": "Baltimore, Maryland",
    "b_name": "San Diego, California"
  },
  {
    "a_name": "Atlanta, Georgia",
    "b_name": "Reno, Nevada"
  },
  {
    "a_name": "Buffalo, New York",
    "b_name": "Salt Lake City, Utah"
  },
  {
    "a_name": "Baltimore, Maryland",
    "b_name": "Dubuque, Iowa"
  },
  {
    "a_name": "Bangor, Maine",
    "b_name": "Eastport, Maine"
  },
  {
    "a_name": "Albany, New York",
    "b_name": "Havre, Montana"
  },
  {
    "a_name": "Albany, New York",
    "b_name": "Grand Junction, Colorado"
  },
  {
    "a_name": "Amarillo, Texas",
    "b_name": "Los Angeles, California"
  },
  {
    "a_name": "Buffalo, New York",
    "b_name": "Knoxville, Tennessee"
  },
  {
    "a_name": "Amarillo, Texas",
    "b_name": "Boston, Massachusetts"
  },
  {
    "a_name": "Atlanta, Georgia",
    "b_name": "New Haven, Connecticut"
  },
  {
    "a_name": "Albany, New York",
    "b_name": "Austin, Texas"
  },
  {
    "a_name": "Amarillo, Texas",
    "b_name": "Detroit, Michigan"
  },
  {
    "a_name": "Baltimore, Maryland",
    "b_name": "Montpelier, Virginia"
  },
  {
    "a_name": "Boise, Idaho",
    "b_name": "Phoenix, Arizona"
  },
  {
    "a_name": "Atlanta, Georgia",
    "b_name": "Fresno, California"
  },
  {
    "a_name": "Albuquerque, New Mexico",
    "b_name": "Dallas, Texas"
  },
  {
    "a_name": "Austin, Texas",
    "b_name": "Philadelphia, Pennsylvania"
  },
  {
    "a_name": "Albany, New York",
    "b_name": "San Francisco, California"
  },
  {
    "a_name": "Albany, New York",
    "b_name": "Syracuse, New York"
  },
  {
    "a_name": "Atlanta, Georgia",
    "b_name": "Carlsbad, New Mexico"
  },
  {
    "a_name": "Albany, New York",
    "b_name": "Shreveport, Louisiana"
  },
  {
    "a_name": "Buffalo, New York",
    "b_name": "Roanoke, Virginia"
  },
  {
    "a_name": "Boise, Idaho",
    "b_name": "Montgomery, Alabama"
  },
  {
    "a_name": "Boston, Massachusetts",
    "b_name": "Providence, Rhode Island"
  },
  {
    "a_name": "Austin, Texas",
    "b_name": "Fresno, California"
  },
  {
    "a_name": "Atlanta, Georgia",
    "b_name": "Los Angeles, California"
  },
  {
    "a_name": "Baltimore, Maryland",
    "b_name": "Oakland, California"
  },
  {
    "a_name": "Boston, Massachusetts",
    "b_name": "Virginia Beach, Virginia"
  },
  {
    "a_name": "Buffalo, New York",
    "b_name": "Amarillo, Texas"
  },
  {
    "a_name": "Albany, New York",
    "b_name": "Bangor, Maine"
  },
  {
    "a_name": "Bismarck, North Dakota",
    "b_name": "Tulsa, Oklahoma"
  },
  {
    "a_name": "Baltimore, Maryland",
    "b_name": "Bangor, Maine"
  },
  {
    "a_name": "Albuquerque, New Mexico",
    "b_name": "Bangor, Maine"
  },
  {
    "a_name": "Amarillo, Texas",
    "b_name": "Shreveport, Louisiana"
  },
  {
    "a_name": "Atlanta, Georgia",
    "b_name": "Seattle, Washington State"
  },
  {
    "a_name": "Boston, Massachusetts",
    "b_name": "Kansas City, Missouri"
  },
  {
    "a_name": "Boise, Idaho",
    "b_name": "Philadelphia, Pennsylvania"
  },
  {
    "a_name": "Austin, Texas",
    "b_name": "Cheyenne, Wyoming"
  },
  {
    "a_name": "Bangor, Maine",
    "b_name": "Santa Fe, New Mexico"
  },
  {
    "a_name": "Austin, Texas",
    "b_name": "Chicago, Illinois"
  },
  {
    "a_name": "Baltimore, Maryland",
    "b_name": "Fresno, California"
  },
  {
    "a_name": "Albuquerque, New Mexico",
    "b_name": "Eugene, Oregon"
  },
  {
    "a_name": "Boston, Massachusetts",
    "b_name": "Sacramento, California"
  },
  {
    "a_name": "Amarillo, Texas",
    "b_name": "Providence, Rhode Island"
  },
  {
    "a_name": "Baltimore, Maryland",
    "b_name": "Phoenix, Arizona"
  },
  {
    "a_name": "Albany, New York",
    "b_name": "Buffalo, New York"
  },
  {
    "a_name": "Amarillo, Texas",
    "b_name": "Cheyenne, Wyoming"
  },
  {
    "a_name": "Bangor, Maine",
    "b_name": "Milwaukee, Wisconsin"
  },
  {
    "a_name": "Albany, New York",
    "b_name": "Seattle, Washington State"
  },
  {
    "a_name": "Boise, Idaho",
    "b_name": "Los Angeles, California"
  },
  {
    "a_name": "Bangor, Maine",
    "b_name": "Hot Springs, Arkansas"
  },
  {
    "a_name": "Boise, Idaho",
    "b_name": "Omaha, Nebraska"
  },
  {
    "a_name": "Amarillo, Texas",
    "b_name": "Nashville, Tennessee"
  },
  {
    "a_name": "Atlanta, Georgia",
    "b_name": "Cincinnati, Ohio"
  },
  {
    "a_name": "Amarillo, Texas",
    "b_name": "Fargo, North Dakota"
  },
  {
    "a_name": "Bismarck, North Dakota",
    "b_name": "St. Louis, Missouri"
  },
  {
    "a_name": "Atlanta, Georgia",
    "b_name": "Sioux Falls, South Dakota"
  },
  {
    "a_name": "Austin, Texas",
    "b_name": "Seattle, Washington State"
  },
  {
    "a_name": "Amarillo, Texas",
    "b_name": "Knoxville, Tennessee"
  },
  {
    "a_name": "Buffalo, New York",
    "b_name": "Fresno, California"
  },
  {
    "a_name": "Buffalo, New York",
    "b_name": "Eugene, Oregon"
  },
  {
    "a_name": "Boise, Idaho",
    "b_name": "Oklahoma City, Oklahoma"
  },
  {
    "a_name": "Baltimore, Maryland",
    "b_name": "Key West, Florida"
  },
  {
    "a_name": "Baltimore, Maryland",
    "b_name": "Austin, Texas"
  },
  {
    "a_name": "Atlanta, Georgia",
    "b_name": "Toledo, Ohio"
  },
  {
    "a_name": "Baltimore, Maryland",
    "b_name": "Boston, Massachusetts"
  },
  {
    "a_name": "Buffalo, New York",
    "b_name": "Cleveland, Ohio"
  },
  {
    "a_name": "Austin, Texas",
    "b_name": "Oklahoma City, Oklahoma"
  },
  {
    "a_name": "Albany, New York",
    "b_name": "Boise, Idaho"
  },
  {
    "a_name": "Albuquerque, New Mexico",
    "b_name": "Phoenix, Arizona"
  }
]