placetype_subject,geometry_type_subject,placetype_object,geometry_type_object,Sentence,place_name_subject,place_name_object,vernacular_relation,spatial_relation,relation_predicate
city,MultiPolygon,tourism,MultiPolygon,home to,"Baraboo,wisconsin","circus world museum,wisconsin",home to,contains,is home to
city,Polygon,city,Polygon,"""The city is located along State Highway 36 (SH 36) and the BNSF Railway between Rosenberg and Sealy.""","Rosenberg, Texas","Sealy, Texas",between,disjoint,is between C and
city,Polygon,county,Polygon,in,"Greenwood,wisconsin","clark county ,wisconsin",in,within,is in
city,Polygon,city,MultiPolygon,"""Nassau Bay is a city in Harris County, Texas, United States, bordering the southeastern edge of the city of Houston.""","Nassau Bay, Texas","Houston, Texas",borders,touches,borders
city,Polygon,county,Polygon,in,"Lancaster,wisconsin","grant county ,wisconsin",in,within,is in
town,Polygon,village,Polygon,"The city is bounded by Topanga on the east, the Santa Monica Mountains (Agoura Hills, Calabasas, and Woodland Hills) to the north, the Pacific Ocean to the south, and Solromar in Ventura County to the west","Malibu, california","Topanga, california",bounded by,touches,is bounded by
office,Polygon,building,Polygon,"""It is in the Palo Verde Valley of the Lower Colorado River Valley region, an agricultural area and part of the Colorado Desert along the Colorado River, approximately 224 miles (360 km) east of Los Angeles and 150 miles (240 km) west of Phoenix.""","Palo Verde Valley, California","Phoenix, California",distance from,disjoint,has some distance from
city,MultiPolygon,county,Polygon,a small portion in,"Eau Claire,wisconsin","chippewa county,wisconsin",partly in,overlaps,is partly in
city,Polygon,city,Polygon,"""West Covina is bordered by Covina to the northeast, Baldwin Park and Irwindale to the northwest, La Puente and Valinda to the southwest, Industry to the south, Ramona to the east, and Walnut to the southeast.""","West Covina, California","Baldwin Park, California",to the direction,touches,just direction of
city,MultiPolygon,cemetery,Polygon,"""It is located in the San Joaquin Valley, 22 miles (35 km) east-southeast of Fresno, at an elevation of 348 feet (106 m).""","Fresno, California","San Joaquin Valley, California",direction of,disjoint,just direction of
city,Polygon,municipality,Polygon,located partially within ,"Chetek,wisconsin","town of chetek ,wisconsin",located partly within ,touches,is partly in
city,Polygon,county,Polygon,"""Cypress is a city in northwestern Orange County within Southern California.""","Cypress, California","Orange County, California",in direction,within,just direction of
city,Polygon,municipality,Polygon,partially within,"Delavan,wisconsin","town of delavan,wisconsin",partly in,touches,is partly in
city,MultiPolygon,city,Polygon,"""Livingston is located 7 miles (11 km) west-northwest of Atwater, at an elevation of 131 feet (40 m).""","Livingston, California","Atwater, California",distance from,disjoint,has some distance from
city,MultiPolygon,county,Polygon,located in,"Lake Geneva,wisconsin","walworth county,wisconsin",located in,within,is located in
town,Polygon,county,MultiPolygon,"""Hawaiian Gardens is a city in Los Angeles County, California, United States.""","Hawaiian Gardens, California","Los Angeles County, California",in,within,is in
city,Polygon,city,MultiPolygon,"""San Dimas is bordered by the San Gabriel Mountains range to the north, Glendora and Covina to the west, La Verne to its north and east side, Pomona to its south and east side, Walnut and the unincorporated community of Ramona to the southwest, and the unincorporated community of West San Dimas, which is an enclave in the southwestern portion of the city.""","San Dimas, California","Covina, California",to the direction,touches,just direction of
village,Polygon,city,MultiPolygon,"""Alamo Heights is an incorporated city that is surrounded by the city of San Antonio in Bexar County in the U.S. state of Texas.""","Alamo Heights, Texas","San Antonio, Texas",surrounded by,touches,is surrounded by
city,Polygon,county,MultiPolygon,"""Long Beach is a city in Los Angeles County, California.""","Long Beach, California","Los Angeles County, California",in,within,is in
city,MultiPolygon,tourism,Polygon,home to,"Milwaukee,wisconsin","discovery world,wisconsin",home to,contains,is home to
city,Polygon,city,MultiPolygon,Midland was founded as the midway point between Fort Worth and El Paso on the Texas and Pacific Railroad in 1881,"Midland,Midland County, Texas","El Paso,texas",midway between,disjoint,is midway between C and
city,MultiPolygon,amenity,Point,home to,"Kenosha,wisconsin","gateway technical college ,wisconsin",home to,contains,is home to
town,Polygon,town,Polygon,"""Monterey Park is bordered by Alhambra, Los Angeles, Montebello, and Rosemead.""","Monterey Park, California","Montebello, California",bordered by,touches,is bordered by
village,Polygon,county,Polygon,in,"Fox Lake,wisconsin","dodge county,wisconsin",in,within,is in
village,Polygon,county,Polygon,in,"Niagara,wisconsin","marinette county,wisconsin",in,within,is in
industrial,LineString,city,MultiPolygon,Principal access to the city is supplied by State Route 17 that connects San Jose and Santa Cruz.,State Route 17,"San Jose, California",connect,crosses,connect C and
town,Polygon,county,Polygon,located in,"New Holstein,wisconsin","calumet county,wisconsin",located in,within,is located in
city,Polygon,city,Polygon,"""Haltom City is surrounded almost entirely by Fort Worth, North Richland Hills, Watauga, and Richland Hills.""","Haltom City, Texas","North Richland Hills, Texas",surrounded by,touches,is surrounded by
town,Polygon,town,Polygon,"""The city is between South San Francisco and Millbrae, adjacent to San Francisco International Airport and Golden Gate National Cemetery; it is approximately 12 miles (19 km) south of Downtown San Francisco.""","San Bruno, California","Millbrae, California",between,touches,is between C and
city,Polygon,city,Polygon,"""The City of Hurst is surrounded by other communities including Bedford, Euless, Fort Worth, Richland Hills, North Richland Hills, Grapevine, and Colleyville.""","Hurst, Texas","Euless, Texas",surrounded by,touches,is surrounded by
town,Polygon,city,MultiPolygon,"""Arvin is located 15 miles (24 km) southeast of Bakersfield, at an elevation of 449 feet (137 m).""","Arvin, California","Bakersfield, California",distance from,disjoint,has some distance from
city,Polygon,county,Polygon,in,"Evansville,wisconsin","rock county ,wisconsin",in,within,is in
town,Polygon,town,Polygon,"""Burlingame on its southeast.""","Millbrae, California","Burlingame, California",on direction,touches,on direction
city,Polygon,county,Polygon,"""The city limits extend south to the Rio Grande, across from the Mexican city of Reynosa.""","McAllen, Texas","Reynosa, Mexico",across from,touches,is across from
city,Polygon,amenity,Polygon,home to,"Whitewater,wisconsin","university of wisconsin‚whitewater ,wisconsin",home to,contains,is home to
city,Polygon,city,Polygon,"""The community is located along State Highway 36 (SH 36) and the BNSF Railway between Rosenberg in Fort Bend County and Wallis in Austin County.""","Orchard, Texas","Wallis, Texas",between,disjoint,is between C and
city,Polygon,county,Polygon,in,"Sheboygan Falls,wisconsin","sheboygan county,wisconsin",in,within,is in
city,Polygon,city,Polygon,It is almost 15 miles (24 km) north of Temecula and just north of Murrieta,"Menifee, california","Murrieta, california",just direction of,touches,just direction of
city,Polygon,city,Polygon,"""San Dimas is bordered by the San Gabriel Mountains range to the north, Glendora and Covina to the west, La Verne to its north and east side, Pomona to its south and east side, Walnut and the unincorporated community of Ramona to the southwest, and the unincorporated community of West San Dimas, which is an enclave in the southwestern portion of the city.""","San Dimas, California","Glendora, California",to the direction,touches,just direction of
village,Polygon,city,MultiPolygon,west of,"Omro,wisconsin","oshkosh ,wisconsin",direction of,disjoint,just direction of
city,MultiPolygon,protected_area,MultiPolygon,near,"Baraboo,wisconsin","devil's lake state park,wisconsin",near,disjoint,is near
city,Polygon,park,Polygon,"""Canadian is on the eastern side of the Texas Panhandle, close to the border with Oklahoma.""","Canadian, Texas","Texas Panhandle, Texas",on the side of,disjoint,on the side of
city,MultiPolygon,city,MultiPolygon,located southwest of ,"Lake Geneva,wisconsin","milwaukee,wisconsin",direction of,disjoint,just direction of
city,Polygon,county,Polygon,"5,799 of the population in","Edgerton,wisconsin","rock county,wisconsin",part of the population in,overlaps,has part of the population in
city,MultiPolygon,county,Polygon,county seat of,"Port Washington,wisconsin","ozaukee county,wisconsin",county seat of,within,is the county seat of
city,Polygon,city,MultiPolygon,"""West University Place is surrounded by the cities of Bellaire, Houston, and Southside Place.""","West University Place, Texas","Houston, Texas",surrounded by,touches,is surrounded by
city,Polygon,city,MultiPolygon,part of,"De Pere,wisconsin","Green Bay Metropolitan Statistical Area(Brown, Kewaunee, Oconto)",part of,within,is part of
city,Polygon,county,MultiPolygon,"""Upland is a city in San Bernardino County, California, United States on the border with is neighboring Los Angeles County.""","Upland, California","Los Angeles County, California",on the border with,touches,share border with
city,Polygon,county,Polygon,"""It also extends into Collin and Hunt counties.""","Royse City, Texas","Collin county, Texas",extends into,overlaps,extend into
city,Polygon,city,Polygon,"""Laguna Niguel is located in the San Joaquin Hills in the southeastern corner of Orange County, close to the Pacific Ocean, and borders the cities of Aliso Viejo, Dana Point, Laguna Beach, Laguna Hills, Mission Viejo, and San Juan Capistrano.""","Laguna Niguel, California","Dana Point, California",borders,touches,borders
city,Polygon,city,MultiPolygon,"""Anderson is a city in Shasta County, California, approximately 10 miles south of Redding.""","Anderson, California","Redding, California",distance from,disjoint,has some distance from
city,Polygon,protected_area,MultiPolygon,"""Rancho Cucamonga (/Àår√¶nt Éo ä kuÀêk…ôÀàm å≈ã…°…ô/ RAN-choh KOO-k…ô-MUNG-g…ô) is a city located just south of the foothills of the San Gabriel Mountains and Angeles National Forest in San Bernardino County, California, United States.""","Rancho Cucamonga, California","Angeles National Forest, California",direction of,disjoint,just direction of
city,Polygon,county,Polygon,"""El Paso stands on the Rio Grande across the Mexico‚ÄìUnited States border from Ciudad Juárez, the most-populous city in the Mexican state of Chihuahua with over 1.5 million people.""","El Paso, Texas",Rio Grande ,stands on,touches,stands on
town,Polygon,city,Polygon,"""It lies in a corridor between the cities of Berkeley and Oakland, with a border on the shore of San Francisco Bay.""","Emeryville, California","Berkeley, California",between,touches,is between C and
city,Polygon,city,MultiPolygon,"""Glendora is bordered by Azusa and the unincorporated community of Citrus to the west, San Dimas to the east and south, Covina and the unincorporated community of Charter Oak to the south, and the San Gabriel Mountains range to the north.""","Glendora, California","Covina, California",bordered by,touches,is bordered by
city,Polygon,county,Polygon,"""Today, Longview is considered a major hub city for the region, as is the nearby city of Tyler.""","Longview, Texas",Gregg County,hub city for,within,hub city for
city,MultiPolygon,county,Polygon,in,"Oconto Falls,wisconsin","oconto county,wisconsin",in,within,is in
water,linestring,water,polygon,upstream from,Chippewa River,"chippewa falls ,wisconsin",upstream from,crosses,is upstream from
city,Polygon,city,Polygon,"""Corning is a city in Tehama County, California, that is located about 19 miles (31 km) south of Red Bluff and about 100 miles (160 km) north of Sacramento.""","Corning, California","Red Bluff, California",distance from,disjoint,has some distance from
city,Polygon,county,Polygon,straddling,"Wisconsin Dells,wisconsin","sauk,wisconsin",straddle,overlaps,straddles
city,Polygon,city,Polygon,"""In addition, it shares the U.S.-Mexico border with the city of Nuevo Progreso, Tamaulipas.""","Progreso Lakes, Texas","Nuevo Progreso, Mexico",shares the border with,touches,share border with
city,Polygon,town,Polygon,"""Beaumont is bordered on the east by the city of Banning, on the south by the city of San Jacinto, on the west by the city of Calimesa, and on the north by the unincorporated community of Cherry Valley.""","Beaumont, California","San Jacinto, California",bordered by,disjoint,is bordered by
city,MultiPolygon,county,Polygon,"Of this, 1,665 were in Clark County, and 610 were in Marathon County","Abbotsford,wisconsin","marathon county ,wisconsin",part of the population in,overlaps,has part of the population in
town,Polygon,city,Polygon,"""Pico Rivera is bordered by Montebello to the west, Downey to the south, Santa Fe Springs to the southeast, and Whittier to the east.""","Pico Rivera, California","Downey, California",bordered by,touches,is bordered by
village,Polygon,city,MultiPolygon,"""It borders San Antonio to the northeast, and is adjacent to Randolph Air Force Base.""","Universal City, Texas","San Antonio, Texas",borders,touches,borders
city,MultiPolygon,city,Polygon,"""It lies 23 miles (37 km) east of Palm Springs, 75 miles (121 km) east of Riverside, 127 miles (204 km) east of Los Angeles, 148 miles (238 km) northeast of San Diego, and 250 miles (402 km) west of Phoenix.""","Indio, California","Palm Springs, California",direction of,disjoint,just direction of
city,MultiPolygon,city,Polygon,"""Dixon is a city in northern Solano County, California, United States, located 23 miles (37 km) from the state capital, Sacramento.""","Dixon, California","Sacramento, California",distance from,disjoint,has some distance from
city,Polygon,water,Polygon,lies on,"Monona,wisconsin","lake monona ,wisconsin",lies on,overlaps,lies on
city,Polygon,county,Polygon,"""College Station is a city in Brazos County, Texas, situated in East-Central Texas in the heart of the Brazos Valley, towards the eastern edge of the region known as the Texas Triangle.""","College Station, Texas","Brazos County, Texas",situated in,within,is located in
city,MultiPolygon,municipality,MultiPolygon,mostly within the boundaries of,"Medford,wisconsin","town of medford ,wisconsin",mostly in,touches,is mostly in
village,Polygon,county,Polygon,"""De Leon (/dɪ ˈliːɒn/ dih LEE-on) is a city located in Comanche County in the U.S. state of Texas.""","De Leon, Texas","Comanche County, Texas",located in,within,is located in
city,Polygon,city,MultiPolygon,"""Located in the San Francisco Bay Area, and immediately south of San Francisco (sharing its northern border with almost all of San Francisco's southern border), it is named for businessman and landowner John Donald Daly.""","Daly City, California","San Francisco, California",immediately direction of,touches,is directly direction of
highway,LineString,town,Polygon,"""U.S. Highways 281 and 380, and Texas State Highways 114 and 199 intersect at Jacksboro, which is the county seat of Jack County.""","U.S. Highways 281 and 380, and Texas State Highways 114 and 199","Jacksboro, Texas",intersect at,crosses,intersect
city,Polygon,city,MultiPolygon,part of,"Schofield,wisconsin",Wausau Metropolitan Statistical Area(Marathon),part of,within,is part of
city,Polygon,county,Polygon,"""Iredell (/ˈaɪərdɛl/ IRE-del) is a city located in Bosque County in central Texas, United States.""","Iredell, Texas","Bosque County, Texas",located in,within,is located in
town,Polygon,town,Polygon,"""Pico Rivera is bordered by Montebello to the west, Downey to the south, Santa Fe Springs to the southeast, and Whittier to the east.""","Pico Rivera, California","Montebello, California",bordered by,touches,is bordered by
county,Polygon,county,Polygon,"""Caldwell is a designated Main Street City and the county seat of Burleson County, Texas, United States.""","Caldwell, Texas","Burleson County, Texas",county seat of,within,is the county seat of
city,Polygon,city,Polygon,"""It is bordered by Bolsa Chica Basin State Marine Conservation Area on the west, the Pacific Ocean on the southwest, by Seal Beach on the northwest, by Westminster on the north, by Fountain Valley on the northeast, by Costa Mesa on the east, and by Newport Beach on the southeast.""","Fountain Valley, California","Huntington Beach, California",bordered by,touches,is bordered by
town,Polygon,village,Polygon,surrounds,"Pewaukee,wisconsin","village of pewaukee ,wisconsin",surrounds,touches,surrounds
city,Polygon,town,Polygon,"""San Dimas is bordered by the San Gabriel Mountains range to the north, Glendora and Covina to the west, La Verne to its north and east side, Pomona to its south and east side, Walnut and the unincorporated community of Ramona to the southwest, and the unincorporated community of West San Dimas, which is an enclave in the southwestern portion of the city.""","San Dimas, California","La Verne, California",to the direction side,touches,just direction of
town,Polygon,city,Polygon,"""A related city, La Habra Heights, is located to the north of La Habra, and is in Los Angeles County.""","La Habra Heights, California","La Habra, California",to the direction of,touches,just direction of
county,Polygon,city,Polygon,"""Victoria is a two-hour drive from Corpus Christi, Houston, San Antonio, and Austin.""","Victoria, Texas","Corpus Christi , Texas",distance from,disjoint,has some distance from
city,Polygon,water,Polygon,"""Located on the west side of Cedar Creek Lake, it is a popular second home and retiree destination.""","Tool, Texas",Cedar Creek Lake,on the side of,touches,on the side of
city,Polygon,municipality,Polygon,adjacent to,"Fennimore,wisconsin","town of fennimore ,wisconsin",adjacent to,touches,is adjacent to
town,MultiPolygon,amenity,MultiPolygon,"""San Marcos is home to Texas State University and the Meadows Center for Water and the Environment.""","San Marcos, Texas","Texas State University, Texas",home to,overlaps,is home to
city,Polygon,county,Polygon,in,"Glendale,wisconsin","milwaukee county,wisconsin",in,within,is in
town,Polygon,city,MultiPolygon,"It is situated on the San Francisco Peninsula, roughly halfway between the cities of San Francisco and San Jose","East Palo Alto,california","San Jose, California",halfway between,disjoint,is halfway between C and
village,Polygon,municipality,Polygon,within,"Princeton,wisconsin","town of princeton,wisconsin",within,touches,is within
city,Polygon,county,Polygon,in,"New Lisbon,wisconsin","juneau county ,wisconsin",in,within,is in
city,Polygon,county,Polygon,most of the population in,"Watertown,wisconsin","jefferson county,wisconsin",part of the population in,overlaps,has part of the population in
city,MultiPolygon,amenity,MultiPolygon,home to,"Milwaukee,wisconsin","msoe,wisconsin",home to,contains,is home to
city,MultiPolygon,county,Polygon,in,"Brillion,wisconsin","calumet county,wisconsin",in,within,is in
quarter,Polygon,city,Polygon,"""Universal City is primarily surrounded by Los Angeles with its northeastern corner touching the city of Burbank, making the unincorporated area a county island.""","Universal City, California","Burbank, California",touching,disjoint,touching
town,MultiPolygon,prison,Polygon,The city is the location of two prisons: Central California Women's Facility and Valley State Prison.,"Chowchilla, california", Valley State Prison.,location of,contains,is the location of
city,Polygon,industrial,LineString,"It is on California State Route 1 between Monterey and Santa Cruz and sits at an elevation of 43 feet (13 m).,Monterey,between,Santa Cruz.","Marina,California",State Route 1,on,crosses,is on
village,Polygon,city,MultiPolygon,"""It is an enclave of San Antonio and is part of the San Antonio Metropolitan Statistical Area.""","Kirby, Texas","San Antonio, Texas",enclave of,touches,is an enclave of
industrial,LineString,city,MultiPolygon,Principal access to the city is supplied by State Route 17 that connects San Jose and Santa Cruz.,State Route 17,"Santa Cruz, California",connect,crosses,connect C and
city,MultiPolygon,county,Polygon,in,"Chippewa Falls,wisconsin","chippewa county,wisconsin",in,within,is in
city,Polygon,municipality,MultiPolygon,surrounds,"Reedsburg,wisconsin","town of reedsburg,wisconsin",surrounds,touches,is surrounded by
city,Polygon,county,Polygon,"8,252 of the population in","Watertown,wisconsin","dodge county,wisconsin",part of the population in,overlaps,has part of the population in
village,Polygon,city,Polygon,"""Gridley is a city in Butte County, California, United States, 29 miles (47 kilometers) south of Chico, California and 56 miles (90 kilometers) north of Sacramento, California.""","Gridley, California","Chico, California",distance from,disjoint,has some distance from
city,Polygon,amenity,Polygon,"Just east of the community is Jarvis Christian College, a historically black institution of higher learning.","Hawkins,texas","Jarvis Christian College,texas",just direction of,disjoint,just direction of
city,Polygon,county,Polygon,in,"Reedsburg,wisconsin","sauk county,wisconsin",in,within,is in
city,Polygon,county,Polygon,"""Walnut Springs is a city located in Bosque County in Central Texas.""","Walnut Springs, Texas","Bosque County, Texas",located in,within,is located in
city,Polygon,city,MultiPolygon,Located in,"Greenfield,wisconsin","milwaukee county,wisconsin",Located in,within,is located in
city,Polygon,city,MultiPolygon,"""Wylie is a city and northeastern suburb of Dallas, that was once solely located in Collin County, but now extends into is neighboring Dallas and Rockwall counties in the U.S. state of Texas.""","Wylie, Texas","Dallas, Texas",suburb,disjoint,is suburb of
city,MultiPolygon,county,Polygon,within,"Medford,wisconsin","taylor county,wisconsin",in,within,is in
water,Polygon,county,Polygon,"""Colusi originates from the local Coru Native American tribe, who in the 1840s lived on the opposite side of the Sacramento River.""","Sacramento River, California","Colusa, California",on the opposite side of,disjoint,on the opposite side of
city,Polygon,city,MultiPolygon,"""It is situated along the Brazos River and I-35, halfway between Dallas and Austin.""","Waco, Texas","Austin, Texas",halfway between,disjoint,is halfway between C and
national_park,Polygon,national_park,MultiPolygon,"""Yosemite National Park is about 60 miles (100 km) to the north, Kings Canyon National Park 60 miles (100 km) to the east, and Sequoia National Park 75 miles (120 km) to the southeast.""","Yosemite National Park, California","Kings Canyon National Park, California",to the direction,disjoint,just direction of
town,Polygon,city,Polygon,"""It is surrounded by the cities of Chino, Ontario, Jurupa Valley, Norco, and Corona.""","Eastvale, California","Norco, California",surrounded by,touches,is surrounded by
city,MultiPolygon,municipality,MultiPolygon,adjacent to,"Oshkosh,wisconsin","town of oshkosh ,wisconsin",adjacent to,touches,is adjacent to
city,MultiPolygon,city,Polygon,"""The city is located approximately 45 miles (72 km) west of Palm Springs and 63 miles (101 km) east of Los Angeles.""","Redlands, California","Los Angeles, California",direction of,disjoint,just direction of
city,Polygon,county,Polygon,county seat of,"Merrill,wisconsin","lincoln county,wisconsin",county seat of,within,is the county seat of
water,Polygon,country,MultiPolygon,"""It lies on the Rio Grande, which forms the border between the United States and Mexico.""","Rio Grande, Texas",United States,forms the border,overlaps,borders
city,Polygon,county,Polygon,"""Jacksonville is a city located in Cherokee County, Texas, United States.""","Jacksonville, Texas","Cherokee County, Texas",located in,within,is located in
city,MultiPolygon,city,Polygon,"""Parlier is located 5.5 miles (9 km) east-northeast of Selma, at an elevation of 344 feet (105 m).""","Parlier, California","Selma, California",direction of,disjoint,just direction of
town,Polygon,city,MultiPolygon,"""The town draws its name from its location on the far western edge of the East Texas timberline on U.S. Highway 80, approximately 60 miles east of Dallas.""","Edgewood, Texas","Dallas, Texas",distance from,disjoint,has some distance from
city,Polygon,city,Polygon,"""Portland is a suburb of Corpus Christi, located on the north shore of Nueces and Corpus Christi Bays.""","Portland, Texas","Corpus Christi, Texas",suburb of,touches,is suburb of
city,Polygon,suburb,Polygon,"""South Los Angeles, also known as South Central Los Angeles or simply South Central, is a region in southern Los Angeles County, lying mostly within the city limits of Los Angeles, south of downtown.""","Los Angeles, California","downtown, California",direction of,disjoint,just direction of
city,Polygon,water,LineString,along,"Mondovi,wisconsin","Buffalo River,wisconsin",along,crosses,is along
city,MultiPolygon,amenity,Polygon,"""The city is home to the Hemet Valley Medical Center, a 320-bed general hospital.""","Hemet, California","Hemet Valley Medical Center, California",home to,contains,is home to
city,Polygon,municipality,Polygon,adjacent to,"Merrill,wisconsin","town of merrill,wisconsin",adjacent to,touches,is adjacent to
town,Polygon,city,MultiPolygon,"""The city is located in the Mid-Cities suburban region between Dallas and Fort Worth and includes a larger portion of Dallas/Fort Worth International Airport than other cities.""","Grapevine, Texas","Fort Worth, Texas",between,disjoint,is between C and
city,MultiPolygon,water,LineString,"It is situated on the banks of Lake Winnebago, Little Lake Butte des Morts, and the Fox River,","Neenah,wisconsin","fox river,wisconsin",situated on,crosses,is situated on
city,Polygon,county,Polygon,in,"Independence,wisconsin","trempealeau county,wisconsin",in,within,is in
town,Polygon,city,MultiPolygon,"""Rohnert Park is a city in Sonoma County, California, United States, located approximately 50 miles (80 km) north of San Francisco.""","Rohnert Park, California","San Francisco, California",distance from,disjoint,has some distance from
city,Polygon,city,MultiPolygon,"""It is an inner-ring suburb of Dallas and is part of the Dallas–Fort Worth metroplex.""","Farmers Branch, Texas","Dallas, Texas",suburb of,touches,is suburb of
city,MultiPolygon,county,Polygon,in,"Weyauwega,wisconsin","waupaca county,wisconsin",in,within,is in
city,MultiPolygon,suburb,Polygon,"""It is located in Greater Houston.""","Patton Village, Texas","Greater Houston, Texas",located in,disjoint,is located in
city,MultiPolygon,museum,Polygon,"Fort Worth is the location of the Van Cliburn International Piano Competition and several museums designed by contemporary architects. The Kimbell Art Museum was designed by Louis Kahn, with an addition designed by Renzo Piano. The Modern Art Museum of Fort Worth was designed by Tadao Ando. The Amon Carter Museum of American Art, designed by Philip Johnson, houses American art. The Sid Richardson Museum, redesigned by David M. Schwarz, has a collection of Western art in the U.S., emphasizing Frederic Remington and Charles Russell. The Fort Worth Museum of Science and History was designed by Ricardo Legorreta of Mexico.","Fort Worth, Texas",Kimbell Art Museum,location of,contains,is the location of
city,MultiPolygon,park,Polygon,include,"Superior,wisconsin","billings park,wisconsin",include,contains,includes
town,Polygon,county,MultiPolygon,"""The city borders Los Angeles County on its northwest side, Orange County to its south and southwest, and Riverside County to its southeast.""","Chino Hills, California","Los Angeles County, California",borders,touches,borders
county,Polygon,town,Polygon,"""About 20 miles (32 km) south of San Francisco, the city borders Burlingame to the north, Hillsborough to the west, San Francisco Bay and Foster City to the east and Belmont to the south.""","San Mateo, California","Hillsborough, California",borders,touches,borders
village,Polygon,county,Polygon,located in,"Neillsville,wisconsin","clark county ,wisconsin",located in,within,is located in
suburb,Polygon,suburb,Polygon,"""The 90274 ZIP code (covering the cities of Palos Verdes Estates and Rolling Hills) was ranked the 47th most expensive housing area among high property value U.S. ZIP codes in a 2007 study by Forbes.com.""","Palos Verdes Estates, California","Rolling Hills, California",covering,disjoint,covering
city,Polygon,locality,Polygon,"""Grand Terrace is located between Highgrove and Colton, along the I-215 and Agua Mansa industrial corridors.""","Grand Terrace, California","Highgrove, California",between,touches,is between C and
city,Polygon,county,Polygon,"""La Palma (Spanish for 'The Palm') is a city in Orange County, California, United States.""","La Palma, California","Orange County, California",in,within,is in
city,MultiPolygon,river,LineString,at the mouth of,"Green Bay,wisconsin","fox river,wisconsin",at the mouth of,crosses,at the mouth of
residential,Polygon,city,Polygon,"""Located in the Ojai Valley, it is northwest of Los Angeles and east of Santa Barbara.""","Ojai Valley, California","Los Angeles, California",direction of,disjoint,just direction of
city,Polygon,commercial,Polygon,part of,"Onalaska,wisconsin"," La Crosse-Onalaska, WI-MN Metropolitan Area(Wisconsin County: La Crosse, Minnesota County: Houston)",part of,within,is part of
city,Polygon,city,Polygon,"""Blue Lake is located on the Mad River in a deep valley, 16 miles (26 km) northeast of Eureka, at an elevation of 131 feet (40 m).""","Blue Lake, California","Eureka, California",distance from,disjoint,has some distance from
city,Polygon,amenity,Polygon,"""It is located approximately halfway between Waco and Bryan-College Station at the intersection of Texas State Highway 6 and Farm to Market Roads 1644 and 979, on the Southern Pacific line nine miles north of Hearne in west central Robertson County.""","Waco, Texas","Bryan-College Station, Texas",half way between,disjoint,is halfway between C and
town,Polygon,county,Polygon,"""Pleasant Hill is a city in Contra Costa County, California, United States, in the East Bay of the San Francisco Bay Area.""","Pleasant Hill, California","Contra Costa County, California",in,within,is in
town,Polygon,neighbourhood,Polygon,"""It is in the South Bay area of San Diego County, 14.1 miles (22.7 km) south of downtown San Diego and 5 miles (8 km) northwest of downtown Tijuana, Mexico.""","Imperial Beach, California","downtown San Diego, California",distance from,disjoint,has some distance from
city,MultiPolygon,amenity,MultiPolygon,"""With regard to education, Austin is the home of the University of Texas at Austin, which is one of the largest universities in the U.S., with over 50,000 students.""","Austin, Texas","University of Texas at Austin, Texas",home to,contains,is home to
city,Polygon,water,LineString,on,"Columbus,wisconsin","crawfish river,wisconsin",on,crosses,is on
water,Polygon,city,MultiPolygon,surrounding,"lake waubesa,wisconsin","Madison,wisconsin",surrounding,overlaps,is surrounded by
city,Polygon,city,MultiPolygon,Colby is a city in Clark and Marathon counties in the U.S. state of Wisconsin,"Colby,wisconsin","Wausau, Wisconsin Metropolitan Statistical Area.(Marathon county)",part of,overlaps,is part of
city,MultiPolygon,county,Polygon,the county seat of,"Milwaukee,wisconsin","milwaukee county,wisconsin",county seat of,overlaps,is the county seat of
city,MultiPolygon,county,Polygon,in,"Galesville,wisconsin","trempealeau county,wisconsin",in,within,is in
town,Polygon,county,Polygon,county seat of,"Viroqua,wisconsin","vernon county ,wisconsin",county seat of,within,is the county seat of
city,MultiPolygon,city,MultiPolygon,"""Visalia is 36 mi (58 km) west of Sequoia National Park, and 43 mi (69 km) south of Fresno.""","Visalia, California","Fresno, California",distance from,disjoint,has some distance from
city,Polygon,county,Polygon,in,"Mosinee,wisconsin","marathon county,wisconsin",in,within,is in
city,MultiPolygon,amenity,Polygon,home to,"Madison,wisconsin","overture center for the arts,wisconsin",home to,contains,is home to
city,Polygon,city,MultiPolygon,"""Sanger is located 13 miles (21 km) east-southeast of Fresno, at an elevation of 371 feet (113 m).""","Sanger, California","Fresno, California",direction of,disjoint,just direction of
town,Polygon,city,MultiPolygon,"""The city shares its borders with Clayton, Lafayette, Alamo, Pleasant Hill, and Concord.""","Walnut Creek, California","Concord,california",shares its borders with,touches,share border with
city,MultiPolygon,city,MultiPolygon,southwest of,"Appleton,wisconsin","green bay,wisconsin",direction of,disjoint,just direction of
village,Polygon,county,Polygon,in,"Park Falls,wisconsin","price county,wisconsin",in,within,is in
city,Polygon,county,Polygon,"""It is located primarily in Ector County, although a small section of the city extends into Midland County.""","Odessa, Texas","Midland County, Texas",extends into,overlaps,extend into
city,Polygon,city,MultiPolygon,"""Grand Saline is the third largest city in Van Zandt County and is located roughly 75 miles (120 km) east of Dallas and 35 miles (56 km) northwest of Tyler, the two nearest metropolitan areas, and is part of the greater Tyler/Longview area.""","Grand Saline, Texas","Dallas, Texas",distance from,disjoint,has some distance from
city,Polygon,county,Polygon,"1,354 of the population in ","Colby,wisconsin","clark county,wisconsin",part of the population in,overlaps,has part of the population in
city,MultiPolygon,city,Polygon,"""It is the 21st largest metropolitan area in California, ranked behind Redding and Chico.""","Redding, California","Chico, California",behind,disjoint,behind
town,Polygon,city,MultiPolygon,"""Pico Rivera is bordered by Montebello to the west, Downey to the south, Santa Fe Springs to the southeast, and Whittier to the east.""","Pico Rivera, California","Whittier, California",bordered by,touches,is bordered by
city,MultiPolygon,state,Polygon,"""It is located at the southern tip of Texas in the Rio Grande Valley near the Mexican border, across the Rio Grande from the city of Nuevo Progreso, Rio Bravo, Tamaulipas.""","Weslaco, Texas",Texas,tip of,within,tip of
city,Polygon,city,MultiPolygon,"""Located in Dallas County, it is also an inner ring suburb of Dallas.""","Irving, Texas","Dallas, Texas",suburb of,touches,is suburb of
amenity,Polygon,city,MultiPolygon,"""It lies in the Salinas Valley, 33 miles (53 km) southeast of Salinas, at an elevation of 289 feet (88 m).""","Salinas Valley, California","Salinas, California",distance from,disjoint,has some distance from
city,MultiPolygon,amenity,Polygon,"""Fort Worth is the location of several university communities: Texas Christian University, Texas Wesleyan, University of North Texas Health Science Center, and Texas A&M University School of Law.""","Fort Worth, Texas",Texas Wesleyan,location of,contains,is the location of
town,Polygon,city,MultiPolygon,"""Benicia is just east of Vallejo and across the strait from Martinez.""","Benicia, California","Martinez, California",across from,touches,is across from
bay,Polygon,city,MultiPolygon,"""Located on the shores of San Pablo Bay, the city had a population of 126,090 at the 2020 census.""","San Pablo Bay, California","Vallejo, California",on the shore of,overlaps,on the shore of
village,Polygon,town,Polygon,"""The city is bounded by Topanga on the east, the Santa Monica Mountains (Agoura Hills, Calabasas, and Woodland Hills) to the north, the Pacific Ocean to the south, and Solromar in Ventura County to the west.""","Topanga, California","Malibu, California",to the direction,touches,just direction of
city,Polygon,city,Polygon,"""Located within 5.71 square miles (14.8 km2), and surrounded by the cities of Los Angeles and West Hollywood, it has a population of 32,701 according to the 2020 census.""","Los Angeles, California","West Hollywood, California",surrounded by,touches,is surrounded by
city,MultiPolygon,city,Polygon,"""The city is located approximately 45 miles (72 km) west of Palm Springs and 63 miles (101 km) east of Los Angeles.""","Redlands, California","Palm Springs, California",distance from,disjoint,has some distance from
city,MultiPolygon,county,Polygon,810 of the population in,"Marshfield,wisconsin","marathon county,wisconsin",part of the population in,overlaps,has part of the population in
city,Polygon,city,Polygon,"""Haltom City is surrounded almost entirely by Fort Worth, North Richland Hills, Watauga, and Richland Hills.""","Haltom City, Texas","Watauga, Texas",surrounded by,touches,is surrounded by
city,Polygon,county,MultiPolygon,"""As of 2006, Moorpark was one of the fastest-growing cities in Ventura County.""","Moorpark, California","Ventura County, California",in,within,is in
city,Polygon,city,MultiPolygon,"""A wealthy suburb of the Dallas/Fort Worth area, Colleyville was originally a small farm town in the 19th century.""","Colleyville, Texas","Fort Worth, Texas",suburb of,disjoint,is suburb of
town,Polygon,city,MultiPolygon,"""Lindsay is located southeast of Visalia and north of Porterville and is considered part of the Visalia-Porterville Metropolitan Area and the Porterville Urban Area by the United States Census Bureau.""","Lindsay, California","Visalia, California",direction of,disjoint,just direction of
city,MultiPolygon,city,Polygon,"""Located within Southern California, it is approximately 25 miles (40 km) north of San Diego, between Solana Beach and Carlsbad, and about 95 miles (153 km) south of Los Angeles.""","San Diego, California","Los Angeles, California",distance from,disjoint,has some distance from
town,Polygon,county,MultiPolygon,"""La Mirada (Spanish for ""The Look"") is a city in southeast Los Angeles County, California United States, and is one of the Gateway Cities.""","La Mirada, California","Los Angeles County, California",in direction,within,just direction of
city,Polygon,town,Polygon,"""A related city, La Habra, is located south of La Habra Heights and is in Orange County.""","La Habra, California","La Habra Heights, California",direction of,touches,just direction of
city,MultiPolygon,county,Polygon,located in,"Cumberland,wisconsin","barron county,wisconsin",located in,within,is located in
city,Polygon,cemetery,Polygon,"""It is in the Pomona Valley, at the foothills of the San Gabriel Mountains.""","Claremont, California","Pomona Valley, California",in,disjoint,is in
city,Polygon,county,Polygon,"""It is located primarily in Duval County, of which it is the county seat.""","San Diego, Texas","Duval County, Texas",located in,within,is located in
village,Polygon,county,Polygon,"""La Grange is the county seat of Fayette County.""","La Grange, Texas","Fayette County, Texas",county seat of,within,is the county seat of
water,Polygon,town,Polygon,"""The Los Angeles River forms part of its southwestern boundary, and the Rio Hondo separates it from Downey.""","Los Angeles River, California","Commerce, California",part of its boundary,disjoint,part of its boundary
city,Polygon,city,MultiPolygon,"""It is a suburb of Dallas and Fort Worth.""","Bedford, Texas","Dallas, Texas",suburb of,disjoint,is suburb of
city,Polygon,city,Polygon,"""Palo Alto includes portions of Stanford University and borders East Palo Alto, Mountain View, Los Altos, Los Altos Hills, Stanford, Portola Valley, and Menlo Park.""","Palo Alto, California","East Palo Alto, California",borders,touches,borders
town,MultiPolygon,city,MultiPolygon,"""The Colony is a city in Denton County, Texas, United States, and a suburb of Dallas.""","The Colony, Texas","Dallas, Texas",suburb of,disjoint,is suburb of
city,MultiPolygon,city,Polygon,"""Beginning in the 1960s, the rapid growth of Houston moved westward along the new Interstate 10 corridor, bringing Katy into its environs.""","Houston, Texas","Katy, Texas",direction of,disjoint,just direction of
city,Polygon,aeroway,Polygon,"""Trinidad (Spanish for ""Trinity""; Yurok: Chuerey) is a seaside city in Humboldt County, located on the Pacific Ocean 8 miles (13 km) north of the Arcata-Eureka Airport and 15 miles (24 km) north of the college town of Arcata.""","Trinidad, California","Arcata-Eureka Airport, California",distance from,disjoint,has some distance from
city,Polygon,city,Polygon,"""It is bounded to the north by the San Gabriel Mountains, to the north and west by the cities of Bradbury and Monrovia, to the south by the city of Irwindale, and to the east by the cities of Irwindale and Azusa.""","Monrovia, California","Duarte, California",bounded to the direction and direction,touches,is bounded by
city,Polygon,neighbourhood,Polygon,"""The city of Temecula, forming the southwestern anchor of the Inland Empire region, is approximately 58 miles (93 km) north of downtown San Diego and 85 miles (137 km) southeast of downtown Los Angeles.""","Temecula, California","downtown San Diego, California",distance from,disjoint,has some distance from
city,Polygon,county,Polygon,"""Longview is a city in the U.S. state of Texas, and county seat of Gregg County; a small part of Longview extends into the western portion of is neighboring Harrison County.""","Longview, Texas","Harrison County, Texas",extends into,overlaps,extend into
village,Polygon,city,MultiPolygon,"""Leon Valley is an independent municipality surrounded by the city of San Antonio.""","Leon Valley, Texas","San Antonio, Texas",surrounded by,touches,is surrounded by
town,Polygon,city,Polygon,"""The city is bordered by Escondido to the east, Encinitas to the southwest, Carlsbad to the west, and Vista to the northwest.""","San Marcos, California","Carlsbad, California",bordered by,touches,is bordered by
village,Polygon,spaceport,Polygon,"""In 2017, Converse proposed the annexation of 12 mi2 of territory near Randolph Air Force Base in northeastern Bexar County.""","Converse, Texas","Randolph Air Force Base, Texas",near,touches,is near
city,Polygon,city,MultiPolygon,"""Avenal is located 35 miles (56 km) southwest of Hanford, at an elevation of 807 ft (246 m).""","Avenal, California","Hanford, California",distance from,disjoint,has some distance from
city,MultiPolygon,city,MultiPolygon,Marshfield is a city in northwest Wood and southwest Marathon counties in the U.S. state of Wisconsin,"Marshfield,wisconsin",Wausau Metropolitan Statistical Area(Marathon),part of,overlaps,is part of
city,Polygon,city,Polygon,"""Bradbury is bordered by the city of Monrovia to the west and south, and Duarte to the south and east.""","Bradbury, California","Duarte, California",bordered by,touches,is bordered by
city,MultiPolygon,county,Polygon,in,"Baraboo,wisconsin","sauk county,wisconsin",in,within,is in
town,MultiPolygon,county,Polygon,in,"Sparta,wisconsin","monroe county,wisconsin",in,within,is in
city,MultiPolygon,amenity,Polygon,is the home of,"River Falls,wisconsin","university of wisconsin–river falls ,wisconsin",home to,contains,is home to
city,Polygon,town,Polygon,"""Murrieta is bordered by the city of Temecula to the south, the cities of Menifee and Wildomar to the north, and the unincorporated community of French Valley to the east.""","Murrieta, California","Wildomar, California",bordered by,touches,is bordered by
town,MultiPolygon,county,Polygon,"""The city's limits extend into Caldwell and Guadalupe Counties, as well.""","San Marcos, Texas","Caldwell County, Texas",extends into,overlaps,extend into
town,Polygon,town,Polygon,"""It is bordered by the cities of Bell on the south, Vernon on the north and west, Huntington Park on the southwest, and Commerce on the east.""","Maywood, California","Commerce, California",bordered by,disjoint,is bordered by
city,MultiPolygon,county,Polygon,in,"Thorp,wisconsin","clark county,wisconsin",in,within,is in
city,Polygon,city,Polygon,"""Larkspur is located 3 miles (4.8 km) south of San Rafael, at an elevation of 43 feet (13 m).""","Larkspur, California","San Rafael, California",distance from,touches,has some distance from
city,MultiPolygon,man_made,MultiPolygon,home to,"Milwaukee,wisconsin","rockwell automation,wisconsin",home to,contains,is home to
town,Polygon,bay,Polygon,"""Albany (/ˈɔːlbəni/ AWL-bə-nee) is a city on the east shore of San Francisco Bay in northwestern Alameda County, California.""","Albany, California","San Francisco Bay, California",on the shore of,overlaps,on the shore of
city,Polygon,county,Polygon,146 of the population in,"Edgerton,wisconsin","dane county,wisconsin",part of the population in,overlaps,has part of the population in
city,Polygon,county,Polygon,in,"Loyal,wisconsin","clark county,wisconsin",in,within,is in
city,Polygon,city,Polygon,"""It is surrounded by the cities of Houston and West University Place.""","Bellaire, Texas","West University Place, Texas",surrounded by,touches,is surrounded by
town,Polygon,county,Polygon,"""Pharr is connected by bridge to the Mexican city of Reynosa, Tamaulipas.""","Pharr, Texas","Reynosa, Mexico",connected by bridge to,touches,connect C and
city,MultiPolygon,shop,Polygon,home to,"Eau Claire,wisconsin","Menards distribution center,wisconsin",home to,overlaps,is home to
city,MultiPolygon,county,Polygon,mostly located in,"Eau Claire,wisconsin","eau claire county,wisconsin",mostly in,overlaps,is mostly in
city,Polygon,town,Polygon,"""Cotati (/ko äÀàt…ëÀêtiÀê/; Miwok: Kota‚Äôti) is an incorporated city in Sonoma County, California, United States, located approximately 45 mi (70 km) north of San Francisco in the 101 corridor between Rohnert Park and Petaluma.""","Cotati, California","Rohnert Park, California",between,touches,is between C and
city,Polygon,city,Polygon,"""The City of Hurst is surrounded by other communities including Bedford, Euless, Fort Worth, Richland Hills, North Richland Hills, Grapevine, and Colleyville.""","Hurst, Texas","Colleyville, Texas",surrounded by,touches,is surrounded by
village,Polygon,county,Polygon,in,"Princeton,wisconsin","green lake county,wisconsin",in,within,is in
city,MultiPolygon,municipality,Polygon,to the northeast of,"Tomahawk,wisconsin","town of tomahawk ,wisconsin",to the direction,disjoint,just direction of
city,Polygon,city,Polygon,"""Stanton is bounded by Cypress on the west, Anaheim on the north, and east, and Garden Grove on the east and south.""","Stanton, California","Garden Grove, California",bounded by,touches,is bounded by
suburb,Polygon,highway,LineString,The district straddles a 7-mile (11 km) stretch of Interstate 10 (the Katy Freeway),Greater Houston,Interstate 10,straddle,crosses,straddles
city,Polygon,highway,LineString,"""The community is located along State Highway 36 (SH 36) and the BNSF Railway between Rosenberg in Fort Bend County and Wallis in Austin County.""","Orchard, Texas","State Highway 36 (SH 36), Texas",along,crosses,is along
town,Polygon,town,Polygon,"""It is adjacent to Cathedral City, Palm Desert, and Unincorporated Thousand Palms.""","Rancho Mirage, California","Cathedral City, California",adjacent to,touches,is adjacent to
town,MultiPolygon,county,Polygon,"7,795 were in Dodge County, and 3,549 were in Fond du Lac County","Waupun,wisconsin","dodge county,wisconsin",in,overlaps,is in
highway,LineString,highway,LineString,"""The city is centered on the intersection of Texas Highways 35 & 36, 55 miles (89 km) southwest of downtown Houston.""","Texas Highways 35, Texas","Texas Highway 36, Texas",intersection,crosses,intersect
city,Polygon,town,Polygon,"""Murrieta is bordered by the city of Temecula to the south, the cities of Menifee and Wildomar to the north, and the unincorporated community of French Valley to the east.""","Murrieta, California","Menifee, California",bordered by,touches,is bordered by
town,MultiPolygon,town,Polygon,"Besides Roseville, it shares borders with Granite Bay, Loomis and Lincoln","Rocklin,california","Loomis, california",shares its borders with,touches,share border with
city,Polygon,county,MultiPolygon,"""Camarillo (/ˌkæməˈriːoʊ/ KAM-ə-REE-oh) is a city in Ventura County in the U.S. state of California.""","Camarillo, California","Ventura County, California",in,within,is in
city,Polygon,county,Polygon,"""The cities of Norco and Riverside lie to the north and northeast, Chino Hills and Yorba Linda to the northwest, Anaheim to the west, Cleveland National Forest and the Santa Ana Mountains to the southwest, and unincorporated Riverside County along the rest of the city's borders.""","Norco, California","Riverside, California",to the direction,within,just direction of
city,Polygon,city,Polygon,"""Sand City is a city in Monterey County, California, United States, located on the shores of Monterey Bay, and surrounded on most sides by the larger city of Seaside.""","Sand City, California","Seaside, California",surrounded by,touches,is surrounded by
village,Polygon,highway,LineString,"""O'Brien is located at the junction of Farm Road 2229 and Texas State Highway 6; the nearest large city is Abilene, 70 miles to the south.""","O'Brien, Texas","Farm Road 2229 and Texas State Highway 6, Texas",located at,crosses,is located at
city,Polygon,village,Polygon,"""Maricopa is located 6.5 miles (10 km) south-southeast of Taft, at an elevation of 883 feet (269 m).""","Maricopa, California","Taft, California",distance from,disjoint,has some distance from
city,Polygon,town,Polygon,"""Larkspur's Police Department is shared with that of the is neighboring Corte Madera and town of San Anselmo as the Central Marin Police Authority.""","Larkspur, California","Corte Madera, California",is neighboring,touches,is neighboring
city,Polygon,city,Polygon,"""El Paso adjoins it on the west and the smaller city of San Elizario on the southeast.""","Socorro, Texas","El Paso, Texas",adjoins,touches,adjoins
city,Polygon,county,Polygon,in,"Marion,wisconsin","shawano,wisconsin",in,overlaps,is in
town,Polygon,county,Polygon,"""Citrus Heights is a city in Sacramento County, California.""","Citrus Heights, California","Sacramento County, California",in,within,is in
town,Polygon,city,Polygon,"""Monterey Park is bordered by Alhambra, Los Angeles, Montebello, and Rosemead.""","Monterey Park, California","Los Angeles, California",bordered by,touches,is bordered by
city,Polygon,city,Polygon,"""Grand Terrace is located between Highgrove and Colton, along the I-215 and Agua Mansa industrial corridors.""","Grand Terrace, California","Colton, California",between,touches,is between C and
town,MultiPolygon,county,Polygon,in,"Cedarburg,wisconsin","ozaukee county,wisconsin",in,within,is in
city,Polygon,city,Polygon,"""The city is surrounded by Waco and is part of the Waco Metropolitan Statistical Area.""","Beverly Hills, Texas","Waco, Texas",surrounded by,touches,is surrounded by
city,Polygon,county,Polygon,"""Most of the city is located in Dallas County, though a small portion extends into Kaufman County.""","Mesquite, Texas","Dallas County, Texas",located in,within,is located in
city,MultiPolygon,city,MultiPolygon,north of,"Port Washington,wisconsin","milwaukee,wisconsin",direction of,disjoint,just direction of
city,Polygon,county,Polygon,in,"Stoughton,wisconsin","dane county,wisconsin",in,within,is in
city,Polygon,water,Polygon,"Established as a city in 1888, it is on the shore of Lake Elsinore, a natural freshwater lake about 3,000 acres (1,200 ha) in size",Lake Elsinore,Lake Elsinore,on the shore of,within,on the shore of
city,Polygon,city,Polygon,"""Manhattan Beach is a city in southwestern Los Angeles County, California, United States, on the Pacific coast south of El Segundo, west of Hawthorne and Redondo Beach, and north of Hermosa Beach.""","Manhattan Beach, California","Hawthorne, California",direction of,touches,just direction of
city,Polygon,city,MultiPolygon,part of,"Mosinee,wisconsin",Wausau Metropolitan Statistical Area(Marathon),part of,within,is part of
city,Polygon,city,Polygon,"""Located near the county seat of Belton, Temple lies in the region referred to as Central Texas and is a principal city in the Killeen–Temple–Fort Hood metropolitan area, which as of 2015 had a population of 450,051.""","Temple, Texas","Belton, Texas",near,touches,is near
village,Polygon,town,Polygon,"""The city of Socorro adjoins it on the west and the town of Clint lies to the north.""","Clint, Texas","San Elizario, Texas",lies to the direction,disjoint,just direction of
city,Polygon,college,Polygon,"""The name dates back to the time when Stanford University, on the other side of Palo Alto to the west, was dry and prohibited alcohol sales within a radius of one-mile (1.6 km) from the campus.""","Palo Alto, California","Stanford University, California",to the direction,overlaps,just direction of
city,Polygon,county,Polygon,in,"Peshtigo,wisconsin","marinette county,wisconsin",in,within,is in
town,Polygon,county,Polygon,in,"Sun Prairie,wisconsin","dane county,wisconsin",in,within,is in
city,Polygon,county,Polygon,"""Gilroy is a city in Northern California's Santa Clara County, south of Morgan Hill and north of San Benito County.""","Gilroy, California","San Benito County, California",direction of,disjoint,just direction of
city,MultiPolygon,city,MultiPolygon,"""It lies 23 miles (37 km) east of Palm Springs, 75 miles (121 km) east of Riverside, 127 miles (204 km) east of Los Angeles, 148 miles (238 km) northeast of San Diego, and 250 miles (402 km) west of Phoenix.""","Indio, California","San Diego, California",distance from,disjoint,has some distance from
national_park,MultiPolygon,residential,Polygon,"""The Muir Woods National Monument is also located just outside the city limits.""","Muir Woods National Monument, California","city limits, California",just outside,disjoint,outside
city,Polygon,city,Polygon,"""To the east lie the city of Westminster and the neighborhood of West Garden Grove, part of the city of Garden Grove.""","Garden Grove, California","Westminster, California",to the direction,touches,just direction of
city,Polygon,city,MultiPolygon,northwest of,"Wisconsin Dells,wisconsin","madison ,wisconsin",direction of,disjoint,just direction of
city,Polygon,town,Polygon,"""Palo Alto includes portions of Stanford University and borders East Palo Alto, Mountain View, Los Altos, Los Altos Hills, Stanford, Portola Valley, and Menlo Park.""","Palo Alto, California","Portola Valley, California",borders,touches,borders
amenity,Polygon,city,Polygon,"""California State University, Long Beach, one of the largest universities in California by enrollment, is within the city.""","California State University Long Beach, California","Long Beach, California",within,within,is within
city,MultiPolygon,municipality,Polygon,partially within,"Thorp,wisconsin","town of thorp,wisconsin",partly in,touches,is partly in
village,Polygon,county,Polygon,"""The portion of Lueders located in Jones County is part of the Abilene, Texas metropolitan area.""","Lueders, Texas","Jones County, Texas",located in,within,is located in
city,MultiPolygon,office,Polygon,western end of,"Superior,wisconsin","lake superior,wisconsin",direction end of,touches,just direction of
city,MultiPolygon,municipality,Polygon,mostly in,"Menasha,wisconsin","town of harrison,wisconsin",small portion in,touches,has small portion in
village,Polygon,city,MultiPolygon,"""It is an enclave of San Antonio and is part of the San Antonio Metropolitan Statistical Area.""","Hill Country Village, Texas","San Antonio, Texas",enclave of,touches,is an enclave of
city,Polygon,city,Polygon,"""It is bordered by the cities of Laguna Beach on the west and southwest, Laguna Hills on the east, Laguna Niguel on the southeast, and Laguna Woods on the north.""","Aliso Viejo, California","Laguna Woods, California",bordered by,touches,is bordered by
city,Polygon,county,Polygon,"""Dorris is a city in Siskiyou County, California, United States.""","Dorris, California","Siskiyou County, California",in,within,is in
town,Polygon,city,Polygon,"""The Los Alamitos Race Course is named for the city, but lies in the is neighboring city of Cypress.""","Los Alamitos, California","Cypress, California",is neighboring,touches,is neighboring
city,Polygon,county,Polygon,"""Hico (/ˈhaɪkoʊ/, HY-koh) is a small city located in Hamilton County in central Texas, United States.""","Hico, Texas","Hamilton County, Texas",located in,within,is located in
village,Polygon,town,Polygon,"""Texhoma is a divided city with the Texas-Oklahoma state border separating the city from Texhoma, Oklahoma.""","Texhoma, Texas","Texhoma,Oklahoma",separate from,touches,separate from
city,Polygon,county,Polygon,"""Honey Grove is a city in Fannin County, Texas, United States.""","Honey Grove, Texas","Fannin County, Texas",located in,within,is located in
city,MultiPolygon,county,Polygon,"1,640 of the population in","New London,wisconsin","outagamie county,wisconsin",part of the population in,overlaps,has part of the population in
water,lienstring,water,Polygon,upstream from,Chippewa River,"lake wissota,wisconsin",upstream from,crosses,is upstream from
city,Polygon,county,Polygon,in,"Delavan,wisconsin","walworth county,wisconsin",in,within,is in
city,MultiPolygon,city,Polygon,"""Sitting approximately 35 miles (56 km) from Sacramento and 55 miles (89 km) from San Francisco, it is within the Sacramento Valley.""","Vacaville, California","Sacramento, California",distance,disjoint,has some distance from
aeroway,Polygon,city,Polygon,"""The city lies in the San Gabriel Valley, east of the city of Los Angeles.""","San Gabriel Valley, California","Los Angeles, California",direction of,disjoint,just direction of
city,Polygon,highway,LineString,"""Abilene is located off Interstate 20, between exits 279 on its western edge and 292 on the east.""","Abilene, Texas","Interstate 20, Texas",located off,crosses,is located off
city,MultiPolygon,county,Polygon,"""Santa Rosa (Spanish for ""Saint Rose"") is a city and the county seat of Sonoma County, in the North Bay region of the Bay Area in California.""","Santa Rosa, California","Sonoma County, California",in,within,is in
county,Polygon,city,MultiPolygon,"""It is a suburb of Fort Worth.""","Burleson, Texas","Fort Worth, Texas",suburb of,disjoint,is suburb of
city,Polygon,city,MultiPolygon,suburb of,"Monona,wisconsin","madison,wisconsin",suburb of,touches,is suburb of
city,MultiPolygon,county,Polygon,"Burlington is a city in Racine and Walworth counties in the U.S. state of Wisconsin, with the majority of the city located in Racine County","Burlington,wisconsin","racine county,wisconsin",in,overlaps,is in
town,Polygon,town,Polygon,"""The city shares its borders with Clayton, Lafayette, Alamo, Pleasant Hill, and Concord.""","Walnut Creek, California","Clayton, California",shares its borders with,touches,share border with
town,Polygon,county,Polygon,"""Riverbank is a city in Stanislaus County, California, United States.""","Riverbank, California","Stanislaus County, California",in,overlaps,is in
city,Polygon,city,MultiPolygon,southwest of,"Verona,wisconsin","madison,wisconsin",direction of,touches,just direction of
city,Polygon,city,Polygon,"""The city is about 46 miles east of Los Angeles.""","Fontana, California","Los Angeles, California",direction of,disjoint,just direction of
city,MultiPolygon,building,Polygon,home to,"Madison,wisconsin","exact sciences,wisconsin",home to,contains,is home to
town,Polygon,city,Polygon,"""It is surrounded by the cities of Chino, Ontario, Jurupa Valley, Norco, and Corona.""","Eastvale, California","Corona, California",surrounded by,touches,is surrounded by
town,Polygon,city,MultiPolygon,"""Pacifica (Spanish: Pac√≠fica, meaning 'Peaceful') is a city in San Mateo County, California, on the coast of the Pacific Ocean between San Francisco and Half Moon Bay.""","Pacifica, California","San Francisco, California",between,disjoint,is between C and
town,Polygon,city,MultiPolygon,"It is situated on the San Francisco Peninsula, roughly halfway between the cities of San Francisco and San Jose","East Palo Alto,california","San Francisco, California",halfway between,disjoint,is halfway between C and
city,MultiPolygon,county,Polygon,in,"New Richmond,wisconsin","st. croix county ,wisconsin",in,within,is in
city,Polygon,county,Polygon,"""Ripon is a city located in San Joaquin County, California.""","Ripon, California","San Joaquin County, California",located in,within,is located in
town,MultiPolygon,city,MultiPolygon,"""Pflugerville is a suburb of Austin and part of the Austin–Round Rock–San Marcos Metropolitan Statistical Area.""","Pflugerville, Texas","Austin, Texas",suburb of,touches,is suburb of
city,MultiPolygon,river,LineString,at the mouth of,"Racine,wisconsin","root river,wisconsin",at the mouth of,crosses,at the mouth of
city,MultiPolygon,city,Polygon,"""Huron is located 15 miles (24 km) east-northeast of Coalinga, at an elevation of 374 feet (114 m).""","Huron, California","Coalinga, California",direction of,disjoint,just direction of
city,Polygon,county,Polygon,in,"Dodgeville,wisconsin","iowa county,wisconsin",in,within,is in
city,Polygon,city,Polygon,"""Corning is a city in Tehama County, California, that is located about 19 miles (31 km) south of Red Bluff and about 100 miles (160 km) north of Sacramento.""","Corning, California","Sacramento, California",direction of,disjoint,just direction of
village,MultiPolygon,city,MultiPolygon,"""Nevada City (originally, Ustumah, a Nisenan village; later, Nevada, Deer Creek Dry Diggins, and Caldwell's Upper Store) is the county seat of Nevada County, California, United States, 60 miles (97 km) northeast of Sacramento, 84 miles (135 km) southwest of Reno and 147 miles (237 km) northeast of San Francisco.""","Nevada City, California","San Francisco, California",distance from,disjoint,has some distance from
city,Polygon,water,Polygon,"""The city, along the southern edge of Lake Tahoe, extends about 5 miles (8 km) west-southwest along U.S. Route 50, also known as Lake Tahoe Boulevard.""","South Lake Tahoe, California","Lake Tahoe, California",along,overlaps,is along
city,MultiPolygon,state,Polygon,"""Cactus is a city in Moore County, Texas, United States, located along U.S. Route 287.""","Cactus, Texas",Texas,located in,within,is located in
city,Polygon,water,Polygon,"""Chandler is a city in Henderson County, Texas, United States, at the northern end of Lake Palestine.""","Chandler, Texas","Lake Palestine, Texas",at the end of ,overlaps,at the end of 
city,Polygon,city,MultiPolygon,"""Richardson is an inner suburb of the city of Dallas.""","Richardson, Texas","Dallas, Texas",suburb of,touches,is suburb of
city,Polygon,county,Polygon,in,"Glenwood City,wisconsin","st. croix county,wisconsin",in,within,is in
city,Polygon,aeroway,Polygon,"""The city's name is given to the Port Isabel Detention Center, 12 miles (19 km) to the northwest next to the Port Isabel-Cameron County Airport.""","Port Isabel, Texas","Port Isabel-Cameron County Airport, Texas",next to,disjoint,is next to
city,MultiPolygon,municipality,MultiPolygon,bordered by,"Boscobel,wisconsin","town of boscobel,wisconsin",borders,touches,borders
town,Polygon,city,MultiPolygon,"""It is in the San Francisco Bay Area, on the San Francisco Peninsula about halfway between San Francisco and San Jose.""","Belmont, California","San Francisco, California",halfway between,disjoint,is halfway between C and
city,Polygon,county,Polygon,"""It is located within Dallas County except for small portions located in Collin and Rockwall Counties.""","Garland, Texas","Dallas County, Texas",within,overlaps,is within
city,Polygon,city,Polygon,"""It is bordered by Bolsa Chica Basin State Marine Conservation Area on the west, the Pacific Ocean on the southwest, by Seal Beach on the northwest, by Westminster on the north, by Fountain Valley on the northeast, by Costa Mesa on the east, and by Newport Beach on the southeast.""","Seal Beach, California","Huntington Beach, California",bordered by,touches,is bordered by
city,Polygon,county,Polygon,"""Located in Galveston County, Kemah's main industry is shipping.""","Kemah, Texas","Galveston County, Texas",located in,within,is located in
town,MultiPolygon,county,Polygon,in,"Mayville,wisconsin","dodge county,wisconsin",in,within,is in
village,Polygon,river,LineString,"""La Grange is a city in Fayette County, Texas, United States, near the Colorado River.""","La Grange, Texas","Colorado River, Texas",near,crosses,is near
city,Polygon,town,Polygon,"""Palo Alto includes portions of Stanford University and borders East Palo Alto, Mountain View, Los Altos, Los Altos Hills, Stanford, Portola Valley, and Menlo Park.""","Palo Alto, California","Los Altos Hills, California",borders,touches,borders
city,MultiPolygon,county,Polygon,"""Pearland (/ˈpɛərlænd/ PEAR-land) is a city in the U.S. state of Texas, within Brazoria County, with portions extending into Fort Bend and Harris counties.""","Pearland, Texas","Brazoria County, Texas",within,overlaps,is within
city,MultiPolygon,city,Polygon,"""Modesto is located in the Central Valley, 68 miles (109 km) south of Sacramento and 90 miles (140 km) north of Fresno.""","Modesto, California","Sacramento, California",distance from,disjoint,has some distance from
city,Polygon,county,Polygon,in,"Peshtigo,wisconsin","marinette,wisconsin",in,within,is in
grass,Polygon,city,MultiPolygon,neighborhood,"central park,wisconsin","Superior,wisconsin",neighborhood of,contains,is neighboring
town,MultiPolygon,county,Polygon,"7,795 were in Dodge County, and 3,549 were in Fond du Lac County","Waupun,wisconsin","fond du lac county,wisconsin",in,overlaps,is in
city,MultiPolygon,city,MultiPolygon,south of,"Racine,wisconsin","milwaukee,wisconsin",direction of,disjoint,just direction of
amenity,Polygon,city,Polygon,"""The University of the Pacific (UOP), chartered in 1851, is the oldest university in California, and has been located in Stockton since 1923.""","university of the pacific, California","Stockton, California",located in,within,is located in
city,MultiPolygon,county,Polygon,located entirely in,"Fort Atkinson,wisconsin","jefferson county,wisconsin",located in,within,is located in
county,Polygon,state,Polygon,"""Goliad (/ˈɡoʊliæd/ GOH-lee-ad) is a city in Goliad County, Texas, United States.""","Goliad County, Texas",Texas,located in,within,is located in
city,MultiPolygon,county,Polygon,county seat of,"Darlington,wisconsin","lafayette county,wisconsin",county seat of,within,is the county seat of
city,Polygon,city,MultiPolygon,"""The City of Hurst is surrounded by other communities including Bedford, Euless, Fort Worth, Richland Hills, North Richland Hills, Grapevine, and Colleyville.""","Hurst, Texas","Fort Worth, Texas",surrounded by,touches,is surrounded by
town,MultiPolygon,county,Polygon,"""San Marcos (/ˌsæn ˈmɑːrkəs/ SAN MAR-kəs) is a city and the county seat of Hays County, Texas, United States.""","San Marcos, Texas","Hays County, Texas",county seat of,overlaps,is the county seat of
city,MultiPolygon,city,MultiPolygon,north of,"Green Bay,wisconsin","milwaukee,wisconsin",direction of,disjoint,just direction of
